{
  "name": "owb-content",
  "title": "WWII:OWB OGL Content",
  "description": "Open Game Licensed content OWB:WW2",
  "version": "1.0.7",
  "scripts": [],
  "esmodules": [],
  "styles": [],
  "packs": [
    {
      "name": "abilities",
      "label": "Abilities",
      "package": "owb-content",
      "path": "packs/abilities.db",
      "type": "Item",
      "module": "owb-content"
    },
    {
      "name": "classes",
      "label": "Classes",
      "package": "owb-content",
      "path": "packs/classes.db",
      "type": "JournalEntry",
      "module": "owb-content"
    },
    {
      "name": "clothing",
      "label": "Clothing",
      "package": "owb-content",
      "path": "packs/clothing.db",
      "type": "Item",
      "module": "owb-content"
    },
    {
      "name": "gear",
      "label": "Gear",
      "package": "owb-content",
      "path": "packs/gear.db",
      "type": "Item",
      "module": "owb-content"
    },
    {
      "name": "npcs",
      "label": "NPCs",
      "package": "owb-content",
      "path": "packs/npcs.db",
      "type": "Actor",
      "module": "owb-content"
    },
    {
      "name": "vehicles",
      "label": "Vehicles",
      "package": "owb-content",
      "path": "packs/vehicles.db",
      "type": "Actor",
      "module": "owb-content"
    },
    {
      "name": "vehicle-mods",
      "label": "Vehicle Mods",
      "package": "owb-content",
      "path": "packs/vehicle-mods.db",
      "type": "Item",
      "module": "owb-content"
    },
    {
      "name": "weapons",
      "label": "Weapons",
      "package": "owb-content",
      "path": "packs/weapons.db",
      "type": "Item",
      "module": "owb-content"
    }
  ],
  "relationships": {
    "systems": [
      {
        "id": "owb",
        "type": "system",
        "manifest": "https://raw.githubusercontent.com/chrisesharp/foundryvtt-owb/master/src/system.json"
      }
    ]
  },
  "minimumCoreVersion": "10",
  "compatibleCoreVersion": "10.291",
  "compatibility": {
    "minimum": 10,
    "verified": "10.290"
  },
  "author": "chrisesharp",
  "authors": [
    {
      "name": "chrisesharp",
      "email": "",
      "discord": ""
    }
  ],
  "url": "https://github.com/chrisesharp/foundryvtt-owb-content",
  "manifest": "https://raw.githubusercontent.com/chrisesharp/foundryvtt-owb-content/master/src/module.json",
  "download": "https://raw.githubusercontent.com/chrisesharp/foundryvtt-owb-content/master/package/owb-content-v1.0.7.zip"
}