{
  "name": "owb-content",
  "title": "WWII:OWB OGL Content",
  "description": "Open Game Licensed content OWB:WW2",
  "version": "0.1.9",
  "systems": ["owb"],
  "author": "chrisesharp",
  "scripts": [],
  "esmodules": [],
  "styles": [],
  "packs": [
    {
      "name": "abilities",
      "label": "Abilities",
      "package": "owb-content",
      "path": "packs/abilities.db",
      "entity": "Item",
      "module": "owb-content"
    },
    {
      "name": "classes",
      "label": "Classes",
      "package": "owb-content",
      "path": "packs/classes.db",
      "entity": "JournalEntry",
      "module": "owb-content"
    },
    {
      "name": "clothing",
      "label": "Clothing",
      "package": "owb-content",
      "path": "packs/clothing.db",
      "entity": "Item",
      "module": "owb-content"
    },
    {
      "name": "gear",
      "label": "Gear",
      "package": "owb-content",
      "path": "packs/gear.db",
      "entity": "Item",
      "module": "owb-content"
    },
    {
      "name": "npcs",
      "label": "NPCs",
      "package": "owb-content",
      "path": "packs/npcs.db",
      "entity": "Actor",
      "module": "owb-content"
    },
    {
      "name": "vehicles",
      "label": "Vehicles",
      "package": "owb-content",
      "path": "packs/vehicles.db",
      "entity": "Actor",
      "module": "owb-content"
    },
    {
      "name": "vehicle-mods",
      "label": "Vehicle Mods",
      "package": "owb-content",
      "path": "packs/vehicle-mods.db",
      "entity": "Item",
      "module": "owb-content"
    },
    {
      "name": "weapons",
      "label": "Weapons",
      "package": "owb-content",
      "path": "packs/weapons.db",
      "entity": "Item",
      "module": "owb-content"
    }
  ],
  "minimumCoreVersion": "0.7.8",
  "compatibleCoreVersion": "0.7.9",
  "url": "https://github.com/chrisesharp/foundryvtt-owb-content",
  "manifest": "https://raw.githubusercontent.com/chrisesharp/foundryvtt-owb-content/master/src/module.json",
  "download": "https://raw.githubusercontent.com/chrisesharp/foundryvtt-owb-content/package/owb-content-v0.1.9.zip"
}