{
    "name": "owb-content",
    "title": "Operation Whitebox:WW2 OGL Content",
    "description": "Open Game Licensed content from Small Niche Games Operation Whitebox OWB:WW2",
    "version": "0.1.0",
    "systems": ["owb"],
    "author": "chrisesharp",
    "scripts": [],
    "esmodules": [],
    "styles": [],
    "packs": [
        {
            "name": "abilities",
            "label": "Abilities",
            "package": "owb-content",
            "path": "packs/abilities.db",
            "entity": "Item"
        },
        {
            "name": "classes",
            "label": "Classes",
            "package": "owb-content",
            "path": "packs/classes.db",
            "entity": "JournalEntry"
        },
        {
            "name": "clothing",
            "label": "Clothing",
            "package": "owb-content",
            "path": "packs/clothing.db",
            "entity": "Item"
        },
        {
          "name": "gear",
          "label": "Gear",
          "package": "owb-content",
          "path": "packs/gear.db",
          "entity": "Item"
        },
        {
            "name": "macros",
            "label": "Macros",
            "package": "owb-content",
            "path": "packs/macros.db",
            "entity": "Macro"
        },
        {
            "name": "npcs",
            "label": "NPCs",
            "package": "owb-content",
            "path": "packs/npcs.db",
            "entity": "Actor"
        },
        {
            "name": "vehicles",
            "label": "Vehicles",
            "package": "owb-content",
            "path": "packs/vehicles.db",
            "entity": "Actor"
        },
        {
            "name": "vehicle-mods",
            "label": "Vehicle Mods",
            "package": "owb-content",
            "path": "packs/vehicles-mods.db",
            "entity": "Item"
        },
        {
            "name": "weapons",
            "label": "Weapons",
            "package": "owb-content",
            "path": "packs/weapons.db",
            "entity": "Item"
        },
        {
            "name": "tables",
            "label": "Tables",
            "package": "owb-content",
            "path": "packs/tables.db",
            "entity": "RollTable"
        }
    ],
    "minimumCoreVersion": "0.7.8",
    "compatibleCoreVersion": "0.7.9",
    "url": "https://github.com/chrisesharp/foundryvtt-owb-content",
    "manifest": "https://raw.githubusercontent.com/chrisesharp/foundryvtt-owb-content/master/module.json",
    "download": "https://raw.githubusercontent.com/chrisesharp/foundryvtt-owb-content/master/package/owb-content-v0.1.0.zip"
}
